Model,Hit,NDCG,Coverage
Random,0.005302226935312832,0.0040650406504065045,0.994058229352347
MostPopular,0.08377518557794274,0.04235109704394361,0.0540701128936423
PureSVD 0.81d 0.00α 34k,0.15058324496288442,0.07876201405799212,0.3909685086155674
HybridSVD Genre 0.77d 0.25α 34k,0.15164369034994699,0.07884725099316,0.40819964349376114
